{
  "forge_marker": 1,
  "defaults": {
    "textures": {
      "up": "traincraft:blocks/assembly_2_top",
      "down": "traincraft:blocks/assembly_2_bottom",
      "north": "traincraft:blocks/assembly_2_front",
      "east": "traincraft:blocks/assembly_2_side",
      "west": "#east",
      "south": "#east",
      "particle": "#down"
    },
    "model": "cube",
    "transform": "forge:default-block"
  },
  "variants": {
    "facing": {
      "north": {
        "y": 0
      },
      "south": {
        "y": 180
      },
      "west": {
        "y": 270
      },
      "east": {
        "y": 90
      }
    },
    "normal": [
      {}
    ],
    "inventory": [
      {}
    ]
  }
}