{
  "742_horn": {"category": "master", "sounds": [{"name": "742_horn","stream": true}]},
  "742_motor": {"category": "master", "sounds": [{"name": "742_motor","stream": false}]},
  "742_motor_fast": {"category": "master", "sounds": [{"name": "742_motor_fast","stream": false}]},
  "742_motor_slow": {"category": "master", "sounds": [{"name": "742_motor_slow","stream": false}]},
  "adler_run": {"category": "master", "sounds": [{"name": "adler_run","stream": false}]},
  "adler_whistle": {"category": "master", "sounds": [{"name": "adler_whistle","stream": true}]},
  "american_steam_horn": {"category": "master", "sounds": [{"name": "american_steam_horn","stream": true}]},
  "british_two_tone": {"category": "master", "sounds": [{"name": "british_two_tone","stream": true}]},
  "chme3_horn": {"category": "master", "sounds": [{"name": "chme3_horn","stream": false}]},
  "chme3_idle": {"category": "master", "sounds": [{"name": "chme3_idle","stream": false}]},
  "chme3_run": {"category": "master", "sounds": [{"name": "chme3_run","stream": false}]},
  "class62_horn": {"category": "master", "sounds": [{"name": "class62_horn","stream": true}]},
  "eu07_horn": {"category": "master", "sounds": [{"name": "eu07_horn","stream": false}]},
  "german_steam_horn": {"category": "master", "sounds": [{"name": "german_steam_horn","stream": false}]},
  "gp40-2_horn": {"category": "master", "sounds": [{"name": "gp40-2_horn","stream": false}]},
  "gp_horn": {"category": "master", "sounds": [{"name": "gp_horn","stream": true}]},
  "high_speed_horn": {"category": "master", "sounds": [{"name": "high_speed_horn","stream": false}]},
  "sd70_horn": {"category": "master", "sounds": [{"name": "sd70_horn","stream": false}]},
  "shay_horn": {"category": "master", "sounds": [{"name": "shay_horn","stream": true}]},
  "shunter_horn": {"category": "master", "sounds": [{"name": "shunter_horn","stream": false}]},
  "steam_horn": {"category": "master", "sounds": [{"name": "steam_horn","stream": true}]},
  "steam_idle": {"category": "master", "sounds": [{"name": "steam_idle","stream": false}]},
  "steam_run": {"category": "master", "sounds": [{"name": "steam_run","stream": false}]},
  "subway_horn": {"category": "master", "sounds": [{"name": "subway_horn","stream": false}]},
  "tram_horn": {"category": "master", "sounds": [{"name": "tram_horn","stream": false}]},
  "v60_horn": {"category": "master", "sounds": [{"name": "v60_horn","stream": false}]},
  "vl10_horn": {"category": "master", "sounds": [{"name": "vl10_horn","stream": false}]},
  "vl10_idle": {"category": "master", "sounds": [{"name": "vl10_idle","stream": false}]},
  "vl10_run": {"category": "master", "sounds": [{"name": "vl10_run","stream": false}]},
  "mg_horn": {"category": "master", "sounds": [{"name": "mg_horn","stream": false}]},
  "mg_run": {"category": "master", "sounds": [{"name": "mg_run","stream": false}]},
  "mg_idle": {"category": "master", "sounds": [{"name": "mg_idle","stream": false}]},
  "mtc_speedchange": {"category": "master", "sounds": [{"name": "speedchange","stream": false}]},
  "mtc_overspeed": {"category": "master", "sounds": [{"name": "overspeed","stream": false}]}
}